Order-Id,Item-id,Product-Id,Quantity,Sales-Id,Customer-Id,Sales-Price-Per-Prod
0,0,5,28,7,26,118
1,1,2,16,3,25,217
2,2,9,14,0,8,44
3,3,7,4,1,21,147
4,4,7,0,1,15,122
5,5,7,28,0,14,156
6,6,14,24,5,2,180
7,7,17,17,9,2,192
8,8,8,29,9,15,114
9,9,12,24,2,8,81
10,10,0,26,6,22,123
11,11,17,22,4,7,194
12,12,12,6,0,28,86
13,13,19,4,4,29,87
14,14,7,29,2,21,121
15,15,10,5,4,1,130
16,16,1,22,1,13,198
17,17,8,4,5,10,131
18,18,8,18,4,24,173
19,19,15,27,5,12,219
20,20,16,25,9,29,154
21,21,2,19,9,9,218
22,22,14,1,4,26,193
23,23,19,21,9,2,119
24,24,9,10,1,24,87
25,25,4,17,7,8,193
26,26,6,4,6,13,77
27,27,10,23,2,24,147
28,28,16,14,2,5,154
29,29,13,12,4,20,129
30,30,1,3,3,18,188
31,31,7,11,1,11,128
32,32,10,24,3,7,155
33,33,18,23,1,6,91
34,34,11,0,2,6,98
35,35,4,24,5,0,172
36,36,6,17,9,8,57
37,37,15,15,7,21,194
38,38,13,17,0,2,129
39,39,17,19,5,15,183
40,40,12,11,2,22,92
41,41,5,16,7,23,131
42,42,4,22,5,13,151
43,43,2,13,4,25,199
44,44,17,4,9,5,192
45,45,10,0,2,8,119
46,46,4,29,8,4,167
47,47,9,23,1,7,104
48,48,15,17,5,15,202
49,49,9,17,0,14,79
50,50,7,16,9,26,125
51,51,4,26,4,17,172
52,52,0,7,1,7,123
53,53,17,1,6,21,201
54,54,11,1,1,16,99
55,55,11,16,4,20,131
56,56,1,25,8,28,200
57,57,7,25,5,26,141
58,58,8,6,5,15,141
59,59,15,19,0,0,180
60,60,4,2,8,7,185
61,61,17,26,8,10,194
62,62,19,9,1,3,105
63,63,11,27,1,25,99
64,64,18,7,0,10,102
65,65,14,5,3,1,180
66,66,8,20,2,8,195
67,67,3,24,4,19,166
68,68,4,5,8,13,167
69,69,11,12,1,15,103
70,70,11,26,1,28,127
71,71,7,0,9,8,129
72,72,17,22,4,10,197
73,73,6,3,0,28,71
74,74,5,17,4,25,126
75,75,12,3,9,17,82
76,76,1,20,9,5,177
77,77,19,17,5,20,77
78,78,15,18,7,9,192
79,79,3,9,0,16,182
80,80,14,29,0,8,179
81,81,13,18,8,27,99
82,82,9,24,7,6,85
83,83,13,26,6,5,94
84,84,4,9,7,1,162
85,85,4,9,2,12,165
86,86,17,2,5,20,203
87,87,12,29,6,10,99
88,88,4,23,0,17,175
89,89,4,25,8,16,135
90,90,15,26,6,17,190
91,91,0,9,9,14,123
92,92,8,25,7,23,178
93,93,12,22,9,4,78
94,94,16,16,0,4,154
95,95,0,29,6,6,123
96,96,13,22,6,9,101
97,97,14,16,2,3,185
98,98,6,0,9,26,56
99,99,19,15,7,26,86
100,100,15,12,7,13,203
101,101,16,18,3,26,161
102,102,14,21,5,17,189
103,103,2,17,7,23,200
104,104,11,24,4,3,136
105,105,5,22,1,18,116
106,106,10,4,4,16,149
107,107,10,12,5,28,124
108,108,8,5,2,25,149
109,109,18,2,4,27,83
110,110,15,5,4,12,219
111,111,0,12,2,18,122
112,112,18,15,9,24,86
113,113,19,27,2,21,76
114,114,4,8,0,28,133
115,115,13,5,8,27,101
116,116,3,5,2,25,165
117,117,4,1,0,15,145
118,118,9,11,8,6,76
119,119,8,14,3,26,146
120,120,9,17,8,9,95
121,121,9,21,9,2,87
122,122,18,13,1,12,98
123,123,2,25,0,6,202
124,124,14,23,2,4,180
125,125,4,25,8,16,151
126,126,12,0,2,29,85
127,127,18,5,8,0,101
128,128,8,4,6,8,200
129,129,15,15,5,23,210
130,130,13,16,3,29,93
131,131,12,16,1,4,88
132,132,4,26,4,25,151
133,133,5,20,7,15,123
134,134,9,15,8,0,90
135,135,12,13,8,20,79
136,136,4,0,7,13,154
137,137,17,0,3,7,193
138,138,5,1,4,20,118
139,139,9,24,7,11,65
140,140,1,27,5,17,186
141,141,14,28,2,17,194
142,142,12,27,9,19,91
143,143,0,21,1,28,123
144,144,16,27,5,13,160
145,145,3,17,9,14,167
146,146,5,19,0,27,128
147,147,13,8,0,8,100
148,148,19,10,4,26,88
149,149,0,22,6,27,119
150,150,12,22,0,17,109
151,151,12,24,5,18,110
152,152,16,13,8,2,150
153,153,17,11,3,0,198
154,154,5,3,9,22,139
155,155,4,16,6,27,147
156,156,16,4,0,21,161
157,157,18,21,5,18,62
158,158,3,4,3,9,193
159,159,0,17,7,5,122
160,160,6,11,9,3,72
161,161,15,10,2,17,194
162,162,18,7,9,5,70
163,163,7,8,6,11,121
164,164,10,16,2,12,156
165,165,8,18,2,23,151
166,166,4,5,9,14,134
167,167,12,11,4,27,92
168,168,18,29,8,2,88
169,169,10,3,0,29,119
170,170,18,15,0,14,65
171,171,19,24,8,3,114
172,172,6,10,4,10,43
173,173,4,29,3,7,144
174,174,14,11,5,2,179
175,175,3,15,7,10,199
176,176,7,14,3,11,135
177,177,9,28,4,10,87
178,178,14,13,8,20,178
179,179,0,28,4,15,119
180,180,18,8,6,23,57
181,181,10,23,4,15,159
182,182,16,13,8,18,160
183,183,8,8,3,22,188
184,184,9,14,5,20,80
185,185,17,11,2,10,205
186,186,18,5,5,29,77
187,187,15,16,9,23,183
188,188,8,28,3,11,138
189,189,1,19,8,11,174
190,190,9,8,8,25,66
191,191,12,19,7,25,93
192,192,3,17,8,6,200
193,193,4,12,0,28,160
194,194,5,13,5,11,123
195,195,16,17,8,26,161
196,196,11,14,6,15,124
197,197,3,25,5,20,180
198,198,7,1,4,3,143
199,199,9,28,5,12,101
200,200,16,1,1,22,152
201,201,17,1,8,5,190
202,202,6,20,8,4,57
203,203,15,29,7,28,202
204,204,9,20,1,12,59
205,205,12,26,1,7,110
206,206,17,22,7,28,200
207,207,8,3,6,18,150
208,208,4,23,2,2,182
209,209,13,4,2,22,87
210,210,15,1,3,15,218
211,211,3,29,1,15,187
212,212,17,25,0,15,197
213,213,15,9,8,10,220
214,214,2,29,7,12,201
215,215,4,28,2,16,174
216,216,1,9,8,29,189
217,217,15,7,7,6,197
218,218,18,3,7,27,57
219,219,10,14,0,12,134
220,220,8,5,2,20,156
221,221,15,6,9,2,188
222,222,14,8,0,4,189
223,223,13,25,4,25,119
224,224,16,24,2,7,159
225,225,16,27,1,12,154
226,226,9,4,5,11,79
227,227,5,1,7,12,126
228,228,1,1,0,10,175
229,229,14,23,7,0,197
230,230,1,14,4,2,209
231,231,17,2,0,23,203
232,232,7,25,5,11,160
233,233,8,1,4,2,137
234,234,13,20,5,21,145
235,235,10,8,7,22,159
236,236,19,16,1,18,100
237,237,13,7,1,18,100
238,238,1,4,3,21,192
239,239,9,18,7,10,54
240,240,5,4,6,7,116
241,241,3,29,2,3,216
242,242,0,8,3,1,122
243,243,9,27,8,20,57
244,244,15,2,8,15,179
245,245,2,1,8,13,219
246,246,3,19,1,4,215
247,247,12,10,6,18,105
248,248,19,28,0,27,119
249,249,17,23,3,25,183
250,250,8,24,1,20,122
251,251,17,7,4,19,195
252,252,12,6,1,7,78
253,253,0,17,3,1,123
254,254,10,14,2,22,89
255,255,2,1,3,14,214
256,256,11,3,8,13,95
257,257,9,9,3,3,88
258,258,10,0,8,15,142
259,259,9,13,1,16,56
260,260,17,29,7,18,190
261,261,3,17,1,0,177
262,262,16,29,4,26,158
263,263,10,28,7,3,102
264,264,5,22,4,23,118
265,265,5,28,6,28,109
266,266,2,26,8,7,204
267,267,7,15,4,18,145
268,268,7,24,6,11,129
269,269,8,11,7,20,189
270,270,18,0,3,9,99
271,271,16,7,8,0,148
272,272,4,28,8,16,134
273,273,12,2,8,9,106
274,274,3,9,4,29,169
275,275,14,19,1,18,199
276,276,2,29,0,10,203
277,277,12,24,1,6,94
278,278,5,15,5,4,100
279,279,0,10,5,10,123
280,280,16,12,6,9,151
281,281,5,15,7,3,133
282,282,10,24,1,3,128
283,283,17,29,8,20,189
284,284,2,6,9,29,219
285,285,14,3,8,16,192
286,286,17,17,4,2,186
287,287,5,26,1,22,98
288,288,10,25,5,4,135
289,289,10,23,4,3,126
290,290,1,5,7,27,212
291,291,13,29,7,0,91
292,292,19,2,0,9,102
293,293,7,23,5,18,150
294,294,7,11,2,21,125
295,295,17,10,2,23,184
296,296,8,14,9,27,172
297,297,6,22,1,20,71
298,298,9,2,1,0,101
299,299,3,22,2,13,193
300,300,19,6,5,11,93
301,301,9,12,1,19,90
302,302,0,5,0,7,119
303,303,3,9,7,26,212
304,304,0,10,0,17,119
305,305,10,25,7,2,103
306,306,11,3,6,2,135
307,307,11,14,1,26,141
308,308,0,2,9,27,121
309,309,1,17,8,14,156
310,310,5,11,6,16,140
311,311,11,15,1,13,125
312,312,18,6,7,27,91
313,313,5,23,6,9,134
314,314,12,18,6,9,106
315,315,5,11,4,7,115
316,316,4,4,6,25,187
317,317,19,1,8,24,95
318,318,3,25,2,7,212
319,319,0,28,6,25,119
320,320,13,4,2,16,118
321,321,4,21,0,4,172
322,322,10,21,8,27,114
323,323,11,4,6,14,102
324,324,19,8,3,15,73
325,325,5,0,8,24,95
326,326,14,25,3,0,199
327,327,7,0,5,29,147
328,328,12,6,4,11,89
329,329,17,16,5,26,197
330,330,4,26,2,3,158
331,331,13,21,6,0,134
332,332,17,1,1,27,183
333,333,7,7,7,19,164
334,334,19,11,3,16,103
335,335,16,8,3,26,150
336,336,6,22,7,4,77
337,337,19,9,0,4,114
338,338,2,24,0,28,201
339,339,3,28,1,16,197
340,340,2,19,2,28,199
341,341,4,5,1,25,164
342,342,12,19,8,19,96
343,343,15,6,2,18,212
344,344,11,12,8,13,124
345,345,8,17,8,24,110
346,346,11,3,5,24,139
347,347,18,19,2,15,99
348,348,15,26,1,26,211
349,349,3,14,7,7,198
350,350,0,8,2,17,119
351,351,4,7,6,26,159
352,352,14,7,6,0,184
353,353,13,8,0,28,146
354,354,16,21,7,16,148
355,355,6,1,4,23,44
356,356,12,11,4,14,99
357,357,15,18,8,20,208
358,358,1,2,5,22,187
359,359,10,10,9,2,99
360,360,3,23,2,11,199
361,361,17,3,1,9,187
362,362,12,24,7,28,79
363,363,17,29,0,19,184
364,364,10,11,6,22,90
365,365,19,24,1,10,114
366,366,7,24,6,5,121
367,367,8,17,6,8,119
368,368,5,19,7,26,127
369,369,10,14,0,29,144
370,370,16,21,7,7,149
371,371,14,24,0,4,193
372,372,8,7,3,0,137
373,373,10,29,9,21,106
374,374,12,6,5,28,103
375,375,19,13,3,5,112
376,376,6,5,6,13,65
377,377,18,12,8,12,85
378,378,2,19,8,4,204
379,379,11,15,2,23,124
380,380,11,12,4,7,123
381,381,4,2,5,15,177
382,382,12,29,9,25,94
383,383,13,12,7,0,114
384,384,3,12,0,20,204
385,385,19,18,4,2,111
386,386,8,29,7,28,142
387,387,19,10,4,18,94
388,388,3,24,9,12,172
389,389,10,0,7,6,93
390,390,8,24,8,27,184
391,391,7,1,4,19,151
392,392,3,1,7,18,185
393,393,3,13,0,0,167
394,394,19,8,3,17,81
395,395,0,29,0,23,119
396,396,14,12,5,11,178
397,397,13,9,5,19,103
398,398,5,19,7,15,138
399,399,3,29,0,12,177
400,400,9,16,9,29,64
401,401,15,15,4,9,211
402,402,14,6,7,15,180
403,403,9,3,4,17,78
404,404,17,15,4,6,184
405,405,11,15,3,0,96
406,406,3,25,4,10,173
407,407,2,12,0,21,210
408,408,16,0,2,3,152
409,409,8,18,1,14,206
410,410,2,10,3,25,219
411,411,16,8,7,24,156
412,412,16,4,7,20,154
413,413,4,18,1,12,170
414,414,7,1,6,14,166
415,415,15,23,7,21,217
416,416,15,2,5,5,193
417,417,0,0,1,13,120
418,418,9,17,8,8,91
419,419,17,8,2,10,205
420,420,8,0,4,6,159
421,421,10,20,7,16,140
422,422,3,24,7,8,176
423,423,17,4,8,2,204
424,424,7,17,6,23,144
425,425,17,3,4,17,190
426,426,1,26,7,2,204
427,427,13,4,8,22,115
428,428,0,19,3,13,122
429,429,16,3,5,27,149
430,430,3,22,5,14,186
431,431,5,23,4,7,111
432,432,6,7,2,6,64
433,433,3,8,5,3,168
434,434,19,21,6,29,114
435,435,0,13,4,11,122
436,436,11,6,0,19,95
437,437,18,24,9,19,75
438,438,16,14,8,28,155
439,439,13,14,4,8,98
440,440,4,7,3,10,160
441,441,0,16,6,29,123
442,442,7,1,8,15,144
443,443,14,7,9,17,196
444,444,5,23,0,22,126
445,445,19,28,5,22,103
446,446,14,6,8,16,192
447,447,6,2,7,6,81
448,448,19,22,0,9,80
449,449,14,14,0,22,181
450,450,8,8,8,2,172
451,451,1,17,3,20,196
452,452,11,25,8,10,135
453,453,14,1,9,16,191
454,454,18,6,3,12,70
455,455,6,15,6,8,82
456,456,8,4,9,28,181
457,457,1,13,4,10,209
458,458,9,2,1,25,89
459,459,4,29,7,16,190
460,460,18,14,2,5,84
461,461,5,6,0,9,100
462,462,6,12,3,2,46
463,463,6,26,4,7,52
464,464,4,17,7,22,150
465,465,4,15,7,25,130
466,466,16,7,1,21,154
467,467,10,4,3,21,120
468,468,12,26,8,20,78
469,469,4,18,8,25,132
470,470,14,27,3,18,184
471,471,17,24,7,0,185
472,472,10,9,6,6,147
473,473,16,8,6,25,161
474,474,4,28,2,23,145
475,475,4,29,8,20,181
476,476,3,6,3,19,183
477,477,11,9,1,1,131
478,478,15,26,5,14,213
479,479,10,21,7,28,98
480,480,5,10,8,19,108
481,481,8,20,2,3,208
482,482,12,23,4,22,108
483,483,14,22,4,4,184
484,484,12,11,4,11,81
485,485,7,26,5,22,167
486,486,6,16,9,23,79
487,487,13,5,4,5,114
488,488,4,16,3,2,153
489,489,9,16,7,28,83
490,490,8,17,3,1,203
491,491,14,24,8,22,187
492,492,14,17,8,18,181
493,493,12,20,2,7,99
494,494,18,26,5,22,93
495,495,6,19,0,3,44
496,496,0,21,1,2,120
497,497,4,8,5,26,180
498,498,1,25,4,25,173
499,499,3,13,7,16,212
500,500,9,28,6,11,67
501,501,1,10,3,14,227
502,502,15,10,9,11,193
503,503,8,26,7,0,120
504,504,10,15,9,29,140
505,505,18,5,4,28,59
506,506,1,15,4,5,167
507,507,11,0,5,6,115
508,508,14,20,0,29,183
509,509,6,24,3,25,45
510,510,19,17,5,21,82
511,511,3,12,9,3,215
512,512,11,25,7,16,96
513,513,7,28,9,0,127
514,514,2,12,3,17,219
515,515,4,15,2,6,179
516,516,18,24,4,0,80
517,517,4,0,6,6,153
518,518,5,12,9,8,110
519,519,2,6,0,23,219
520,520,17,20,9,21,190
521,521,11,22,8,12,128
522,522,18,19,8,1,61
523,523,7,13,6,4,134
524,524,9,21,0,6,51
525,525,4,8,7,18,188
526,526,0,18,2,29,120
527,527,13,1,7,1,113
528,528,17,0,5,21,194
529,529,13,7,4,29,134
530,530,5,17,1,2,127
531,531,19,21,9,25,91
532,532,14,27,7,19,190
533,533,0,14,2,15,123
534,534,14,24,5,2,198
535,535,11,16,1,24,114
536,536,0,26,5,1,119
537,537,4,15,4,25,135
538,538,19,2,0,16,101
539,539,2,10,7,11,218
540,540,2,17,5,0,206
541,541,16,12,1,8,153
542,542,14,28,2,7,185
543,543,8,27,2,26,123
544,544,1,26,0,14,196
545,545,5,10,0,27,112
546,546,1,28,7,17,181
547,547,8,18,0,13,198
548,548,18,24,5,11,76
549,549,6,14,3,12,49
550,550,0,6,3,24,119
551,551,4,16,9,22,192
552,552,18,27,2,9,90
553,553,2,26,8,16,205
554,554,13,20,8,3,105
555,555,1,4,1,12,160
556,556,14,10,9,28,199
557,557,18,27,6,23,56
558,558,10,21,7,0,126
559,559,2,7,7,28,215
560,560,8,24,9,15,156
561,561,17,18,4,20,205
562,562,13,4,5,16,108
563,563,3,16,4,11,207
564,564,10,11,0,27,155
565,565,14,29,1,20,183
566,566,18,2,0,9,70
567,567,14,22,5,15,198
568,568,1,18,2,26,186
569,569,5,24,7,25,113
570,570,6,11,6,18,42
571,571,2,6,1,12,204
572,572,19,7,4,25,106
573,573,7,7,3,4,164
574,574,13,14,4,27,91
575,575,19,10,8,13,73
576,576,5,20,5,26,95
577,577,3,6,9,9,206
578,578,6,7,0,6,85
579,579,13,29,8,27,108
580,580,4,22,8,5,190
581,581,9,17,7,22,46
582,582,19,4,9,28,112
583,583,17,26,5,10,196
584,584,0,10,3,17,123
585,585,2,0,7,19,215
586,586,0,25,9,21,119
587,587,11,22,0,1,135
588,588,19,28,5,7,113
589,589,18,11,3,21,63
590,590,5,3,2,22,133
591,591,11,12,8,18,105
592,592,8,22,3,3,170
593,593,19,5,7,6,92
594,594,16,14,3,13,148
595,595,15,17,1,3,204
596,596,18,6,7,10,79
597,597,15,11,0,17,206
598,598,17,22,7,22,186
599,599,9,15,7,27,67
600,600,1,4,7,5,189
601,601,18,4,0,26,98
602,602,9,16,7,23,104
603,603,13,17,7,24,96
604,604,0,20,9,13,119
605,605,5,12,5,3,106
606,606,6,15,7,20,67
607,607,10,6,4,12,150
608,608,1,24,5,19,160
609,609,2,4,2,7,209
610,610,12,29,3,12,85
611,611,4,23,3,29,161
612,612,16,10,1,19,151
613,613,17,12,5,1,196
614,614,14,19,3,4,185
615,615,15,22,0,13,217
616,616,2,19,1,29,216
617,617,8,6,2,19,183
618,618,9,5,7,25,96
619,619,18,4,0,0,99
620,620,18,19,4,3,69
621,621,19,12,5,5,107
622,622,2,6,3,11,216
623,623,14,18,9,0,192
624,624,13,15,1,13,134
625,625,4,14,2,7,172
626,626,3,10,9,18,215
627,627,2,13,8,6,213
628,628,6,3,1,29,51
629,629,10,13,1,27,117
630,630,14,10,8,6,182
631,631,7,10,3,4,144
632,632,14,23,8,20,183
633,633,1,4,6,8,196
634,634,17,9,8,10,196
635,635,2,14,4,20,214
636,636,14,9,3,17,185
637,637,18,6,6,3,75
638,638,6,17,0,14,58
639,639,19,24,2,16,80
640,640,16,20,6,3,160
641,641,9,18,3,18,75
642,642,8,27,8,4,112
643,643,4,26,1,21,159
644,644,1,19,3,28,191
645,645,13,15,9,23,103
646,646,6,20,3,17,41
647,647,15,19,5,29,218
648,648,0,22,9,11,122
649,649,10,28,1,13,97
650,650,4,8,6,17,170
651,651,12,7,9,0,98
652,652,16,4,6,11,147
653,653,10,5,8,6,151
654,654,15,5,9,10,211
655,655,13,28,0,15,141
656,656,3,11,7,3,175
657,657,6,13,7,19,85
658,658,9,4,1,13,77
659,659,12,10,3,19,86
660,660,18,29,8,26,82
661,661,8,23,1,22,125
662,662,5,3,9,23,114
663,663,14,5,5,4,190
664,664,2,17,8,18,217
665,665,4,7,6,10,191
666,666,13,9,7,2,98
667,667,10,1,7,6,136
668,668,17,28,4,20,205
669,669,11,14,4,17,111
670,670,14,15,7,4,184
671,671,4,3,8,1,170
672,672,7,0,9,16,123
673,673,12,20,3,9,103
674,674,18,29,9,28,63
675,675,5,12,9,28,136
676,676,8,21,6,11,187
677,677,9,7,2,12,82
678,678,1,1,8,2,171
679,679,9,6,4,14,105
680,680,18,5,1,29,83
681,681,14,28,4,22,189
682,682,14,29,2,12,186
683,683,5,21,4,14,101
684,684,13,4,0,21,119
685,685,11,24,3,7,105
686,686,9,17,5,4,90
687,687,10,4,5,19,109
688,688,2,9,8,1,204
689,689,19,5,1,18,116
690,690,14,3,2,24,192
691,691,1,14,7,5,193
692,692,2,5,0,24,207
693,693,5,4,2,7,128
694,694,17,19,9,17,184
695,695,1,16,0,1,178
696,696,16,12,2,2,155
697,697,17,1,2,3,193
698,698,18,26,6,22,57
699,699,16,6,4,27,155
700,700,13,27,9,23,87
701,701,12,5,7,29,94
702,702,4,11,1,13,163
703,703,6,8,0,2,79
704,704,4,5,6,1,159
705,705,11,3,2,16,121
706,706,17,0,0,24,200
707,707,16,11,6,28,154
708,708,17,26,4,3,205
709,709,11,0,2,3,91
710,710,4,4,6,17,183
711,711,13,20,3,22,96
712,712,9,21,9,27,50
713,713,11,20,1,8,93
714,714,3,28,3,22,206
715,715,11,14,0,23,100
716,716,0,10,6,17,119
717,717,5,25,5,17,103
718,718,5,10,3,9,111
719,719,14,18,3,9,196
720,720,7,20,1,14,156
721,721,9,9,1,4,84
722,722,8,10,1,24,113
723,723,15,20,3,29,178
724,724,17,6,9,14,184
725,725,8,23,6,18,136
726,726,4,21,1,22,174
727,727,3,18,7,19,214
728,728,12,11,7,11,80
729,729,10,14,5,1,136
730,730,7,20,1,29,166
731,731,9,4,6,20,93
732,732,9,7,2,27,64
733,733,9,10,6,5,58
734,734,2,19,3,10,208
735,735,5,20,4,5,125
736,736,1,14,1,29,196
737,737,6,6,1,29,60
738,738,17,29,5,3,196
739,739,13,16,6,26,90
740,740,16,15,3,23,148
741,741,9,23,1,9,79
742,742,0,10,4,27,122
743,743,11,4,6,13,113
744,744,0,24,0,9,123
745,745,9,16,8,9,82
746,746,18,7,2,1,85
747,747,9,4,8,4,47
748,748,3,8,9,4,190
749,749,1,7,4,23,217
750,750,17,7,2,17,184
751,751,5,21,6,0,92
752,752,17,2,5,24,193
753,753,10,9,1,19,99
754,754,8,23,8,5,202
755,755,7,21,0,0,119
756,756,4,27,6,29,160
757,757,14,21,1,19,194
758,758,13,28,6,10,114
759,759,2,12,6,26,206
760,760,2,4,7,16,215
761,761,14,9,2,21,183
762,762,5,8,1,12,112
763,763,15,7,4,2,186
764,764,19,12,2,0,94
765,765,9,22,1,18,92
766,766,18,3,1,5,81
767,767,9,29,9,0,85
768,768,2,22,5,26,216
769,769,10,23,8,4,120
770,770,19,8,5,11,80
771,771,6,0,6,27,58
772,772,13,28,1,1,146
773,773,4,18,1,6,130
774,774,3,7,1,3,165
775,775,11,29,0,21,130
776,776,7,20,6,11,158
777,777,16,18,6,20,147
778,778,3,17,0,0,180
779,779,16,27,2,9,160
780,780,16,26,5,1,151
781,781,10,18,7,27,132
782,782,11,23,5,7,135
783,783,19,13,8,16,95
784,784,13,12,6,14,138
785,785,1,26,6,7,156
786,786,1,10,9,3,224
787,787,15,23,5,20,186
788,788,15,29,7,16,208
789,789,11,17,8,7,101
790,790,8,24,4,19,199
791,791,8,1,3,13,175
792,792,15,7,4,23,217
793,793,9,11,2,26,43
794,794,7,20,1,0,140
795,795,13,10,3,6,92
796,796,13,8,7,21,134
797,797,17,28,6,5,191
798,798,14,16,6,25,199
799,799,18,4,8,21,64
800,800,17,26,1,5,202
801,801,13,27,5,28,86
802,802,7,3,9,12,146
803,803,13,20,7,18,112
804,804,3,19,1,2,189
805,805,7,8,5,2,146
806,806,15,18,7,27,180
807,807,1,7,7,0,191
808,808,18,28,1,12,55
809,809,0,12,5,16,122
810,810,15,2,4,7,185
811,811,14,21,2,19,195
812,812,8,14,1,12,132
813,813,9,9,1,24,53
814,814,10,25,6,7,150
815,815,16,23,5,15,152
816,816,5,25,3,29,129
817,817,6,3,4,16,46
818,818,9,10,5,6,96
819,819,6,18,4,10,47
820,820,10,12,9,11,105
821,821,2,28,5,23,208
822,822,1,14,3,19,171
823,823,18,10,0,2,102
824,824,2,6,7,19,205
825,825,4,16,4,16,172
826,826,10,27,5,20,103
827,827,0,4,3,19,120
828,828,3,13,8,19,179
829,829,16,9,3,0,150
830,830,17,0,0,21,197
831,831,8,5,1,4,144
832,832,16,24,8,19,151
833,833,1,20,5,24,232
834,834,4,29,4,29,169
835,835,10,24,8,15,153
836,836,11,8,3,15,134
837,837,19,19,1,13,119
838,838,14,26,4,2,182
839,839,4,18,5,24,175
840,840,14,1,2,20,194
841,841,1,17,8,17,161
842,842,18,3,1,5,100
843,843,19,21,4,22,112
844,844,6,7,9,9,53
845,845,18,26,4,10,89
846,846,1,14,1,11,156
847,847,12,12,1,24,96
848,848,3,19,6,24,175
849,849,6,2,9,4,82
850,850,4,0,2,29,149
851,851,1,1,6,16,170
852,852,13,20,4,29,93
853,853,8,13,3,7,194
854,854,16,9,6,26,155
855,855,8,0,5,10,181
856,856,0,17,9,8,120
857,857,9,11,1,19,89
858,858,5,13,7,1,129
859,859,11,13,8,28,100
860,860,3,6,2,25,201
861,861,16,4,4,9,146
862,862,10,20,2,9,98
863,863,11,10,9,21,119
864,864,10,24,1,26,144
865,865,1,26,6,23,171
866,866,7,16,3,26,160
867,867,12,10,7,28,103
868,868,17,19,2,29,201
869,869,12,4,9,16,106
870,870,9,11,7,17,90
871,871,14,0,9,4,183
872,872,18,10,5,19,94
873,873,12,5,0,16,104
874,874,19,13,2,10,112
875,875,2,29,6,3,216
876,876,12,28,9,18,87
877,877,17,12,0,7,194
878,878,2,15,1,29,213
879,879,2,28,1,26,212
880,880,11,15,6,10,104
881,881,7,24,7,0,140
882,882,3,16,4,8,187
883,883,7,25,2,7,121
884,884,15,12,8,9,211
885,885,8,19,1,23,173
886,886,5,26,0,2,125
887,887,2,29,7,5,217
888,888,4,24,6,11,158
889,889,6,23,7,12,39
890,890,9,6,0,19,90
891,891,15,26,7,28,178
892,892,3,6,9,22,208
893,893,14,2,3,28,183
894,894,19,27,5,14,112
895,895,19,4,7,25,96
896,896,7,19,5,7,121
897,897,5,10,5,3,112
898,898,15,0,8,17,178
899,899,15,11,9,10,201
900,900,13,23,1,1,95
901,901,5,21,5,6,105
902,902,5,8,3,10,107
903,903,2,17,7,28,209
904,904,14,2,5,9,193
905,905,0,29,8,0,121
906,906,19,5,3,2,118
907,907,11,22,3,16,117
908,908,16,12,7,29,155
909,909,1,29,8,26,227
910,910,15,22,9,15,214
911,911,8,19,2,19,199
912,912,19,0,5,1,103
913,913,11,19,0,0,115
914,914,5,11,0,5,100
915,915,16,19,4,29,155
916,916,17,12,9,18,200
917,917,3,21,7,14,202
918,918,8,28,1,23,134
919,919,16,4,4,18,156
920,920,10,29,0,28,126
921,921,10,12,9,0,147
922,922,6,20,3,12,86
923,923,3,13,0,18,212
924,924,9,16,8,12,65
925,925,1,14,6,12,173
926,926,10,8,2,29,119
927,927,3,19,0,10,198
928,928,8,23,9,6,194
929,929,9,24,4,10,91
930,930,9,7,7,19,67
931,931,0,14,5,2,123
932,932,18,29,6,25,93
933,933,15,5,3,15,191
934,934,1,25,3,4,185
935,935,3,1,5,15,191
936,936,7,29,3,21,156
937,937,1,15,3,25,206
938,938,5,10,6,8,129
939,939,19,29,4,2,100
940,940,7,15,1,22,153
941,941,11,6,0,8,92
942,942,10,14,5,27,131
943,943,8,7,0,26,151
944,944,1,27,8,8,189
945,945,9,25,1,11,45
946,946,3,22,1,13,175
947,947,5,23,3,5,109
948,948,19,17,6,17,95
949,949,5,9,5,18,129
950,950,17,18,1,1,185
951,951,10,25,2,19,158
952,952,10,28,6,0,122
953,953,9,13,6,7,87
954,954,19,10,8,16,119
955,955,3,3,1,21,195
956,956,6,12,4,20,78
957,957,19,17,1,6,112
958,958,17,19,8,12,201
959,959,9,14,8,29,47
960,960,0,6,1,12,120
961,961,2,1,1,4,212
962,962,4,17,9,10,146
963,963,10,0,1,20,159
964,964,1,13,4,6,168
965,965,2,23,2,15,219
966,966,0,0,3,4,120
967,967,2,28,2,3,208
968,968,0,6,4,25,120
969,969,11,0,9,23,117
970,970,18,12,8,17,57
971,971,1,24,5,15,190
972,972,5,17,9,10,109
973,973,10,6,7,23,128
974,974,10,12,0,13,118
975,975,12,13,9,4,83
976,976,0,4,4,11,119
977,977,17,6,6,16,201
978,978,13,27,3,26,99
979,979,17,7,0,15,193
980,980,12,1,9,11,108
981,981,14,12,4,0,178
982,982,12,27,3,21,108
983,983,16,20,2,1,151
984,984,8,4,3,10,135
985,985,19,6,8,4,106
986,986,16,22,3,12,148
987,987,4,10,4,16,131
988,988,1,2,7,11,174
989,989,13,25,7,24,88
990,990,7,29,3,2,152
991,991,11,4,3,14,95
992,992,19,10,5,0,94
993,993,14,15,4,1,181
994,994,1,12,8,8,179
995,995,1,27,2,26,173
996,996,6,9,7,13,58
997,997,13,16,8,3,133
998,998,4,0,1,4,186
999,999,11,11,8,17,141
1000,1000,17,19,6,23,200
1001,1001,2,20,7,15,219
1002,1002,17,28,0,12,203
1003,1003,5,10,7,25,101
1004,1004,6,4,3,12,79
1005,1005,19,4,1,5,92
1006,1006,15,23,1,19,214
1007,1007,10,14,3,11,146
1008,1008,8,4,6,22,130
1009,1009,3,22,2,7,195
1010,1010,18,3,4,20,58
1011,1011,17,24,3,28,187
1012,1012,6,10,7,9,74
1013,1013,5,14,0,24,101
1014,1014,13,1,0,7,89
1015,1015,1,15,0,27,168
1016,1016,5,23,8,8,111
1017,1017,8,9,8,26,157
1018,1018,6,3,8,9,40
1019,1019,1,7,3,28,182
1020,1020,9,26,3,8,64
1021,1021,14,19,1,23,182
1022,1022,16,8,9,10,157
1023,1023,6,2,3,7,41
1024,1024,18,26,6,17,77
1025,1025,15,28,6,19,184
1026,1026,15,21,4,9,188
1027,1027,14,19,5,15,182
1028,1028,1,27,5,4,162
1029,1029,1,29,1,12,155
1030,1030,19,10,4,25,99
1031,1031,11,8,5,17,91
1032,1032,3,9,1,17,192
1033,1033,2,10,0,2,205
1034,1034,11,16,8,22,137
1035,1035,4,2,8,7,148
1036,1036,5,2,7,26,133
1037,1037,18,27,2,3,87
1038,1038,16,28,2,19,151
1039,1039,7,0,4,4,151
1040,1040,10,20,7,0,108
1041,1041,11,1,8,26,126
1042,1042,19,8,0,10,109
1043,1043,12,3,7,10,79
1044,1044,3,9,6,27,201
1045,1045,15,0,1,8,211
1046,1046,9,5,8,5,101
1047,1047,7,5,1,13,121
1048,1048,4,19,5,16,155
1049,1049,1,17,6,9,205
1050,1050,17,29,4,26,205
1051,1051,15,3,8,6,197
1052,1052,13,5,3,12,121
1053,1053,7,13,2,29,160
1054,1054,7,4,8,20,160
1055,1055,18,11,7,19,63
1056,1056,8,15,2,9,180
1057,1057,4,0,5,17,168
1058,1058,15,16,0,10,183
1059,1059,16,17,0,18,146
1060,1060,18,11,0,4,86
1061,1061,2,13,7,28,207
1062,1062,3,28,9,18,169
1063,1063,0,25,2,29,121
1064,1064,12,7,0,15,101
1065,1065,12,29,1,8,80
1066,1066,7,4,0,18,140
1067,1067,1,6,3,25,191
1068,1068,7,0,7,3,141
1069,1069,11,0,4,7,123
1070,1070,7,27,3,25,145
1071,1071,3,21,5,11,172
1072,1072,17,0,0,25,186
1073,1073,1,9,5,8,172
1074,1074,15,5,8,14,191
1075,1075,19,29,5,24,110
1076,1076,16,4,4,16,153
1077,1077,15,24,3,13,188
1078,1078,14,18,6,6,196
1079,1079,9,27,1,22,72
1080,1080,10,7,1,0,107
1081,1081,16,0,3,17,150
1082,1082,16,12,8,29,158
1083,1083,17,24,1,28,204
1084,1084,18,14,2,1,59
1085,1085,12,20,8,8,103
1086,1086,10,7,5,11,131
1087,1087,3,10,7,6,185
1088,1088,13,6,4,9,114
1089,1089,9,1,8,19,63
1090,1090,12,23,6,9,84
1091,1091,16,23,8,24,160
1092,1092,12,12,3,25,80
1093,1093,7,13,6,29,141
1094,1094,19,23,8,12,91
1095,1095,10,17,3,7,120
1096,1096,18,9,8,24,86
1097,1097,6,19,1,2,45
1098,1098,2,10,9,15,201
1099,1099,1,16,3,3,167
1100,1100,4,4,9,26,177
1101,1101,9,26,4,1,81
1102,1102,7,3,5,17,122
1103,1103,14,5,9,21,179
1104,1104,5,1,2,26,92
1105,1105,6,4,6,2,44
1106,1106,2,29,9,4,199
1107,1107,13,18,1,5,129
1108,1108,13,15,0,23,125
1109,1109,14,11,4,14,180
1110,1110,13,25,3,3,95
1111,1111,10,3,4,7,109
1112,1112,13,16,6,28,111
1113,1113,11,21,7,9,102
1114,1114,12,15,2,16,80
1115,1115,7,11,3,3,153
1116,1116,12,0,4,8,89
1117,1117,13,0,2,19,86
1118,1118,8,27,0,0,181
1119,1119,5,19,3,11,104
1120,1120,13,9,6,5,113
1121,1121,6,5,4,4,47
1122,1122,7,12,4,14,130
1123,1123,1,16,4,29,180
1124,1124,12,6,8,26,107
1125,1125,5,20,4,7,101
1126,1126,3,26,3,25,192
1127,1127,11,24,4,20,117
1128,1128,5,28,1,28,134
1129,1129,10,23,0,5,97
1130,1130,11,25,1,29,125
1131,1131,15,27,5,2,199
1132,1132,12,16,5,23,100
1133,1133,12,6,0,10,82
1134,1134,8,17,3,8,150
1135,1135,4,5,6,18,136
1136,1136,15,18,8,22,207
1137,1137,9,22,5,28,62
1138,1138,5,29,1,3,92
1139,1139,18,4,4,12,68
1140,1140,17,24,2,28,204
1141,1141,0,12,9,27,123
1142,1142,6,29,9,20,39
1143,1143,11,19,7,8,112
1144,1144,19,20,7,23,89
1145,1145,17,2,8,8,185
1146,1146,16,4,6,25,154
1147,1147,18,6,3,5,99
1148,1148,3,17,8,20,172
1149,1149,17,2,0,22,198
1150,1150,9,21,8,22,91
1151,1151,8,24,2,9,203
1152,1152,17,13,7,15,187
1153,1153,15,8,2,7,189
1154,1154,12,15,8,2,89
1155,1155,16,19,2,26,156
1156,1156,10,9,8,5,150
1157,1157,0,27,7,25,122
1158,1158,18,26,0,16,90
1159,1159,18,18,2,3,51
1160,1160,11,23,5,28,111
1161,1161,19,0,9,15,106
1162,1162,11,23,2,2,112
1163,1163,4,19,8,5,166
1164,1164,2,29,7,24,217
1165,1165,14,9,7,17,192
1166,1166,18,12,7,14,85
1167,1167,9,6,6,19,80
1168,1168,9,5,7,3,56
1169,1169,2,1,9,17,214
1170,1170,0,21,8,7,120
1171,1171,11,26,1,2,137
1172,1172,18,1,5,6,60
1173,1173,17,16,8,16,199
1174,1174,14,22,6,6,192
1175,1175,16,6,6,7,147
1176,1176,7,16,2,13,146
1177,1177,10,25,1,8,128
1178,1178,1,16,9,3,208
1179,1179,13,24,2,25,93
1180,1180,2,15,7,10,218
1181,1181,12,27,2,27,82
1182,1182,9,25,0,25,90
1183,1183,12,13,6,26,84
1184,1184,7,11,5,7,164
1185,1185,17,26,4,14,183
1186,1186,6,27,0,21,80
1187,1187,16,20,1,1,146
1188,1188,6,12,3,17,61
1189,1189,15,10,2,26,206
1190,1190,18,12,1,0,94
1191,1191,15,20,9,9,220
1192,1192,18,19,1,11,63
1193,1193,13,4,5,12,123
1194,1194,10,29,7,29,90
1195,1195,2,25,4,6,215
1196,1196,12,1,2,14,105
1197,1197,9,29,0,12,102
1198,1198,5,9,4,5,102
1199,1199,5,18,7,28,123
1200,1200,5,5,6,19,115
1201,1201,9,29,9,17,53
1202,1202,2,10,5,6,204
1203,1203,15,28,2,16,192
1204,1204,18,11,0,24,71
1205,1205,0,19,0,28,123
1206,1206,3,9,3,24,170
1207,1207,5,13,7,26,102
1208,1208,10,7,2,6,105
1209,1209,2,16,6,22,213
1210,1210,6,1,9,24,62
1211,1211,17,3,7,17,193
1212,1212,18,16,7,3,94
1213,1213,0,28,0,3,123
1214,1214,12,20,0,10,97
1215,1215,13,16,0,20,98
1216,1216,14,27,9,23,196
1217,1217,6,26,1,0,61
1218,1218,1,14,0,22,157
1219,1219,13,22,8,26,142
1220,1220,8,7,6,29,130
1221,1221,11,14,3,28,113
1222,1222,2,25,6,25,214
1223,1223,1,27,9,23,234
1224,1224,9,26,6,8,72
1225,1225,9,21,1,23,43
1226,1226,7,4,7,19,144
1227,1227,8,2,7,7,188
1228,1228,8,9,6,27,135
1229,1229,10,1,2,19,113
1230,1230,9,1,8,4,94
1231,1231,0,9,3,25,122
1232,1232,7,25,4,19,152
1233,1233,6,16,0,13,81
1234,1234,16,2,3,6,162
1235,1235,2,3,2,11,215
1236,1236,18,23,3,27,76
1237,1237,5,29,0,3,101
1238,1238,2,5,9,11,202
1239,1239,14,24,0,25,196
1240,1240,19,8,0,12,108
1241,1241,1,23,2,11,203
1242,1242,4,3,4,8,159
1243,1243,1,25,2,0,183
1244,1244,7,28,9,7,120
1245,1245,7,16,0,9,152
1246,1246,14,15,0,8,196
1247,1247,2,13,2,23,206
1248,1248,3,2,6,0,185
1249,1249,12,12,1,19,92
1250,1250,6,12,5,17,58
1251,1251,16,5,6,8,154
1252,1252,11,1,1,25,103
1253,1253,16,5,6,13,152
1254,1254,18,15,8,2,83
1255,1255,14,21,5,13,181
1256,1256,13,1,7,16,115
1257,1257,5,4,0,7,125
1258,1258,6,17,6,24,44
1259,1259,15,20,8,1,204
1260,1260,19,17,0,3,77
1261,1261,16,29,3,23,148
1262,1262,6,28,5,8,75
1263,1263,17,6,7,12,202
1264,1264,1,11,9,13,169
1265,1265,17,7,9,12,201
1266,1266,1,19,2,20,177
1267,1267,1,18,8,15,214
1268,1268,1,10,5,6,205
1269,1269,14,7,9,24,183
1270,1270,0,16,6,20,119
1271,1271,19,13,7,27,81
1272,1272,2,22,3,4,204
1273,1273,8,4,5,9,194
1274,1274,6,2,8,22,60
1275,1275,1,18,3,1,160
1276,1276,13,18,9,11,141
1277,1277,6,12,0,27,52
1278,1278,3,3,1,17,204
1279,1279,13,20,6,22,111
1280,1280,4,11,7,8,167
1281,1281,10,17,4,19,104
1282,1282,1,7,5,18,206
1283,1283,0,22,9,9,122
1284,1284,12,16,6,26,110
1285,1285,13,26,8,20,124
1286,1286,6,29,2,5,73
1287,1287,16,20,6,17,155
1288,1288,16,29,4,25,154
1289,1289,11,20,6,4,119
1290,1290,5,5,8,25,96
1291,1291,10,18,7,18,141
1292,1292,8,5,8,22,137
1293,1293,0,20,0,22,123
1294,1294,16,11,7,13,156
1295,1295,6,16,9,3,65
1296,1296,1,2,1,25,184
1297,1297,11,12,8,10,101
1298,1298,10,15,6,11,100
1299,1299,4,21,7,1,190
1300,1300,13,27,3,10,100
1301,1301,1,18,6,15,230
1302,1302,3,19,5,7,206
1303,1303,4,19,3,7,143
1304,1304,15,15,6,6,185
1305,1305,2,6,6,24,214
1306,1306,1,25,5,8,175
1307,1307,14,13,2,27,189
1308,1308,3,3,0,7,181
1309,1309,0,21,1,9,119
1310,1310,11,25,8,25,96
1311,1311,16,0,4,6,148
1312,1312,12,10,3,1,109
1313,1313,16,27,2,22,152
1314,1314,13,15,4,21,129
1315,1315,5,10,2,25,120
1316,1316,3,10,3,27,212
1317,1317,11,25,4,7,91
1318,1318,14,6,4,19,188
1319,1319,8,17,9,19,200
1320,1320,12,10,0,20,82
1321,1321,1,19,4,7,200
1322,1322,9,10,2,29,61
1323,1323,18,2,6,0,97
1324,1324,13,22,7,17,120
1325,1325,6,10,5,18,41
1326,1326,11,25,6,18,130
1327,1327,17,19,9,4,199
1328,1328,14,3,3,1,180
1329,1329,15,10,6,6,206
1330,1330,3,24,1,6,191
1331,1331,9,23,1,7,62
1332,1332,0,9,3,22,119
1333,1333,3,25,3,18,206
1334,1334,13,20,1,22,115
1335,1335,13,10,2,23,97
1336,1336,7,9,8,25,129
1337,1337,19,21,2,17,117
1338,1338,16,15,4,2,149
1339,1339,7,15,9,19,153
1340,1340,3,2,6,13,170
1341,1341,10,14,7,16,151
1342,1342,10,21,5,9,114
1343,1343,16,15,8,16,153
1344,1344,3,22,1,15,189
1345,1345,6,29,9,22,53
1346,1346,18,4,9,8,102
1347,1347,0,29,6,19,123
1348,1348,19,4,2,15,104
1349,1349,13,29,2,2,141
1350,1350,6,13,8,1,64
1351,1351,10,25,1,0,123
1352,1352,1,19,7,17,213
1353,1353,1,8,7,27,227
1354,1354,8,7,8,3,128
1355,1355,9,23,3,2,75
1356,1356,0,29,9,4,121
1357,1357,5,24,8,20,94
1358,1358,19,28,0,12,72
1359,1359,3,29,0,13,184
1360,1360,13,8,9,7,127
1361,1361,12,25,2,10,84
1362,1362,3,5,0,19,165
1363,1363,19,0,1,10,80
1364,1364,11,29,5,0,117
1365,1365,15,11,1,0,205
1366,1366,8,6,0,18,201
1367,1367,9,24,0,18,81
1368,1368,13,13,8,2,109
1369,1369,19,22,1,17,105
1370,1370,16,20,2,29,151
1371,1371,13,3,9,4,111
1372,1372,7,15,0,13,133
1373,1373,8,4,6,3,160
1374,1374,12,12,3,23,93
1375,1375,2,13,1,7,213
1376,1376,6,12,4,18,83
1377,1377,1,25,2,11,224
1378,1378,2,5,0,4,203
1379,1379,9,25,3,20,57
1380,1380,6,16,1,5,67
1381,1381,17,28,9,17,196
1382,1382,18,27,2,22,58
1383,1383,3,18,1,27,216
1384,1384,17,1,6,10,195
1385,1385,10,8,0,26,121
1386,1386,18,8,9,23,77
1387,1387,10,16,9,20,153
1388,1388,6,13,6,10,46
1389,1389,14,15,5,5,178
1390,1390,12,26,9,0,89
1391,1391,0,14,6,18,119
1392,1392,13,0,4,29,122
1393,1393,0,26,3,6,121
1394,1394,18,26,6,3,75
1395,1395,19,11,8,20,113
1396,1396,18,10,1,9,88
1397,1397,6,2,2,1,46
1398,1398,2,29,8,20,206
1399,1399,2,24,8,23,216
1400,1400,5,22,7,24,103
1401,1401,18,23,4,14,62
1402,1402,0,16,8,15,119
1403,1403,3,12,1,21,175
1404,1404,16,4,2,25,157
1405,1405,5,18,3,26,126
1406,1406,13,3,5,27,94
1407,1407,16,15,1,29,161
1408,1408,8,10,9,11,201
1409,1409,3,0,1,18,188
1410,1410,2,4,1,25,209
1411,1411,19,19,2,7,107
1412,1412,10,26,2,15,114
1413,1413,0,19,5,26,122
1414,1414,6,24,4,25,79
1415,1415,8,10,2,28,157
1416,1416,14,6,9,3,186
1417,1417,1,25,4,14,214
1418,1418,2,13,1,13,204
1419,1419,14,3,1,9,196
1420,1420,15,25,8,18,190
1421,1421,1,18,6,25,190
1422,1422,14,0,9,27,194
1423,1423,4,9,7,5,185
1424,1424,18,16,5,28,77
1425,1425,19,25,0,15,95
1426,1426,13,15,1,7,96
1427,1427,3,16,8,2,172
1428,1428,17,20,3,18,199
1429,1429,0,20,8,4,121
1430,1430,13,23,4,19,101
1431,1431,6,25,7,0,41
1432,1432,3,9,2,14,165
1433,1433,4,12,4,6,189
1434,1434,9,13,1,26,99
1435,1435,9,24,3,3,93
1436,1436,5,3,2,12,131
1437,1437,14,15,5,29,195
1438,1438,18,21,5,13,98
1439,1439,19,17,9,4,100
1440,1440,13,1,7,18,92
1441,1441,2,21,9,22,204
1442,1442,4,15,7,14,136
1443,1443,14,2,1,9,179
1444,1444,12,10,3,4,87
1445,1445,9,24,1,23,104
1446,1446,10,3,0,18,130
1447,1447,12,4,5,12,84
1448,1448,7,3,9,8,119
1449,1449,8,20,3,18,180
1450,1450,9,3,2,11,74
1451,1451,8,26,2,19,164
1452,1452,18,24,6,7,78
1453,1453,1,23,0,4,181
1454,1454,2,4,0,25,219
1455,1455,15,7,0,27,198
1456,1456,12,22,0,16,94
1457,1457,15,11,3,24,211
1458,1458,11,22,3,9,98
1459,1459,7,12,0,6,129
1460,1460,19,23,9,16,76
1461,1461,0,24,2,0,120
1462,1462,15,17,1,2,180
1463,1463,7,1,1,4,152
1464,1464,0,7,4,26,123
1465,1465,1,16,0,22,170
1466,1466,19,21,9,11,87
1467,1467,8,16,8,19,198
1468,1468,8,15,0,16,202
1469,1469,11,13,0,14,106
1470,1470,9,9,1,23,76
1471,1471,15,15,9,0,188
1472,1472,13,22,7,19,122
1473,1473,17,16,3,3,196
1474,1474,12,8,3,15,83
1475,1475,18,6,9,23,57
1476,1476,4,14,2,1,162
1477,1477,10,20,1,4,122
1478,1478,10,29,5,20,114
1479,1479,18,10,0,1,65
1480,1480,4,11,2,8,161
1481,1481,5,1,6,15,140
1482,1482,2,2,5,22,213
1483,1483,17,18,8,17,201
1484,1484,0,1,5,5,122
1485,1485,15,20,7,29,197
1486,1486,6,15,1,2,38
1487,1487,5,24,9,22,135
1488,1488,8,23,4,15,175
1489,1489,9,1,3,4,67
1490,1490,13,23,5,29,129
1491,1491,17,28,5,21,186
1492,1492,9,6,3,18,71
1493,1493,19,29,8,7,116
1494,1494,2,9,9,27,200
1495,1495,7,0,9,7,165
1496,1496,15,0,0,29,186
1497,1497,18,9,5,15,78
1498,1498,13,5,0,12,140
1499,1499,15,22,2,6,212
1500,1500,7,21,0,0,147
1501,1501,7,7,7,24,139
1502,1502,11,11,2,19,113
1503,1503,8,17,5,6,163
1504,1504,17,8,2,26,188
1505,1505,16,17,2,17,162
1506,1506,13,29,0,10,131
1507,1507,0,20,5,4,120
1508,1508,9,13,8,19,100
1509,1509,4,26,6,9,131
1510,1510,18,9,9,20,71
1511,1511,18,8,1,3,99
1512,1512,10,11,0,13,150
1513,1513,18,5,0,29,69
1514,1514,10,25,0,10,88
1515,1515,4,24,6,29,135
1516,1516,18,11,2,3,65
1517,1517,15,18,1,20,208
1518,1518,19,2,8,25,90
1519,1519,18,26,8,17,60
1520,1520,0,12,1,23,121
1521,1521,2,25,7,27,215
1522,1522,3,15,5,1,203
1523,1523,16,0,5,15,151
1524,1524,11,23,8,24,133
1525,1525,9,2,5,27,66
1526,1526,16,22,7,5,152
1527,1527,7,21,6,9,161
1528,1528,8,20,0,25,200
1529,1529,14,14,3,16,193
1530,1530,11,9,9,25,129
1531,1531,19,13,8,23,78
1532,1532,19,10,0,3,71
1533,1533,15,5,4,18,195
1534,1534,0,14,1,25,122
1535,1535,17,25,4,26,199
1536,1536,8,10,6,19,128
1537,1537,7,18,0,2,150
1538,1538,16,19,9,22,150
1539,1539,8,6,6,28,139
1540,1540,5,20,0,21,93
1541,1541,10,19,9,2,155
1542,1542,14,16,3,18,178
1543,1543,19,7,4,8,79
1544,1544,0,27,8,21,121
1545,1545,5,8,2,6,132
1546,1546,16,5,4,11,148
1547,1547,9,10,9,22,83
1548,1548,17,7,4,7,187
1549,1549,8,0,0,22,150
1550,1550,5,11,6,21,107
1551,1551,14,12,0,0,196
1552,1552,3,28,4,20,167
1553,1553,13,21,2,11,110
1554,1554,8,24,3,23,205
1555,1555,13,13,9,7,87
1556,1556,17,18,5,19,184
1557,1557,5,23,6,22,119
1558,1558,4,0,3,11,186
1559,1559,3,4,9,20,195
1560,1560,8,24,7,16,123
1561,1561,1,14,5,11,222
1562,1562,19,25,2,16,98
1563,1563,3,0,5,19,181
1564,1564,0,20,6,29,121
1565,1565,2,18,3,26,214
1566,1566,9,5,8,15,54
1567,1567,4,25,0,11,175
1568,1568,18,10,8,0,88
1569,1569,11,23,6,4,139
1570,1570,1,26,0,11,179
1571,1571,4,21,5,24,190
1572,1572,6,16,0,2,63
1573,1573,10,28,6,1,124
1574,1574,18,4,4,8,89
1575,1575,11,20,9,1,127
1576,1576,14,19,1,22,193
1577,1577,17,21,3,17,191
1578,1578,17,24,2,16,199
1579,1579,9,3,5,17,96
1580,1580,4,21,3,23,166
1581,1581,19,15,2,13,115
1582,1582,1,11,8,7,166
1583,1583,5,23,9,2,101
1584,1584,10,3,2,23,88
1585,1585,10,13,5,27,135
1586,1586,5,26,8,14,121
1587,1587,18,21,6,0,71
1588,1588,2,26,2,12,206
1589,1589,12,15,2,17,99
1590,1590,17,20,1,17,202
1591,1591,3,8,6,4,182
1592,1592,6,10,1,29,82
1593,1593,19,7,1,10,72
1594,1594,2,15,9,10,202
1595,1595,16,9,4,11,159
1596,1596,9,11,8,19,68
1597,1597,2,2,9,16,210
1598,1598,8,19,5,16,145
1599,1599,0,3,9,15,121
1600,1600,8,22,6,21,137
1601,1601,2,18,2,23,219
1602,1602,2,10,5,7,206
1603,1603,3,16,6,6,203
1604,1604,13,7,3,11,99
1605,1605,1,0,3,28,197
1606,1606,19,24,0,3,83
1607,1607,16,15,3,4,157
1608,1608,17,3,2,5,195
1609,1609,6,4,6,23,85
1610,1610,4,2,0,17,130
1611,1611,11,26,9,29,136
1612,1612,10,19,3,4,95
1613,1613,11,26,4,7,141
1614,1614,5,10,0,4,117
1615,1615,6,27,7,25,42
1616,1616,3,12,8,4,203
1617,1617,13,27,6,20,140
1618,1618,5,29,1,5,134
1619,1619,15,28,2,9,193
1620,1620,7,17,4,4,120
1621,1621,14,19,6,7,179
1622,1622,13,11,1,17,130
1623,1623,15,19,3,27,216
1624,1624,14,6,7,24,179
1625,1625,8,9,7,24,201
1626,1626,14,13,5,9,193
1627,1627,8,7,0,9,128
1628,1628,16,15,8,13,161
1629,1629,5,4,4,0,93
1630,1630,14,9,1,16,180
1631,1631,8,10,9,9,205
1632,1632,17,21,3,15,202
1633,1633,2,9,6,26,219
1634,1634,10,13,2,20,119
1635,1635,10,21,8,19,117
1636,1636,1,3,0,22,209
1637,1637,18,20,9,26,88
1638,1638,11,7,6,11,115
1639,1639,12,12,9,12,91
1640,1640,0,22,6,16,120
1641,1641,17,29,4,16,198
1642,1642,6,6,4,26,78
1643,1643,8,27,2,19,128
1644,1644,6,19,4,21,74
1645,1645,18,23,8,7,88
1646,1646,14,24,0,20,194
1647,1647,6,12,7,14,45
1648,1648,9,28,5,3,97
1649,1649,10,24,6,23,142
1650,1650,12,11,2,22,100
1651,1651,18,19,4,1,67
1652,1652,17,7,1,12,203
1653,1653,14,22,4,2,180
1654,1654,3,25,1,14,200
1655,1655,19,29,8,27,87
1656,1656,16,18,7,12,158
1657,1657,1,4,3,10,177
1658,1658,11,8,5,25,100
1659,1659,6,28,9,6,48
1660,1660,7,27,9,9,158
1661,1661,7,4,2,21,166
1662,1662,4,13,9,1,194
1663,1663,6,3,8,9,48
1664,1664,9,8,9,6,54
1665,1665,14,18,8,20,187
1666,1666,3,3,9,15,215
1667,1667,3,9,3,29,217
1668,1668,8,20,5,16,192
1669,1669,19,18,4,11,73
1670,1670,7,20,6,6,149
1671,1671,13,12,4,9,92
1672,1672,7,6,1,18,119
1673,1673,12,18,5,13,98
1674,1674,15,22,0,27,201
1675,1675,7,26,8,14,161
1676,1676,17,22,9,12,199
1677,1677,14,18,2,24,196
1678,1678,5,26,5,8,116
1679,1679,6,4,1,8,48
1680,1680,12,27,3,12,101
1681,1681,9,27,3,8,98
1682,1682,16,2,9,1,154
1683,1683,6,27,1,29,50
1684,1684,9,23,9,16,90
1685,1685,9,26,1,8,98
1686,1686,19,1,3,18,91
1687,1687,15,7,0,20,192
1688,1688,5,27,4,0,110
1689,1689,8,12,7,25,198
1690,1690,12,6,9,17,109
1691,1691,7,10,7,10,132
1692,1692,11,15,1,8,106
1693,1693,17,28,1,8,195
1694,1694,16,12,2,16,149
1695,1695,16,17,9,17,150
1696,1696,12,8,7,14,86
1697,1697,18,25,7,25,97
1698,1698,5,9,1,20,119
1699,1699,18,4,0,25,103
1700,1700,8,11,1,24,200
1701,1701,9,11,9,23,80
1702,1702,3,26,5,26,202
1703,1703,12,29,2,25,85
1704,1704,14,9,1,0,190
1705,1705,5,17,0,7,95
1706,1706,18,10,3,25,52
1707,1707,12,24,0,27,78
1708,1708,15,21,3,12,182
1709,1709,19,8,4,10,113
1710,1710,4,29,6,27,137
1711,1711,4,2,5,7,185
1712,1712,12,8,0,1,83
1713,1713,3,0,1,1,181
1714,1714,18,25,1,16,96
1715,1715,0,25,0,20,121
1716,1716,14,23,1,17,178
1717,1717,11,23,5,1,98
1718,1718,8,26,1,23,200
1719,1719,6,20,1,12,63
1720,1720,12,4,8,4,94
1721,1721,3,1,0,27,214
1722,1722,6,11,9,11,75
1723,1723,6,29,5,5,63
1724,1724,15,15,1,27,187
1725,1725,19,29,7,19,107
1726,1726,8,17,2,12,135
1727,1727,19,29,1,7,84
1728,1728,11,15,4,8,123
1729,1729,6,23,9,27,68
1730,1730,9,5,4,21,90
1731,1731,2,16,4,5,211
1732,1732,18,19,8,24,81
1733,1733,11,9,5,19,133
1734,1734,16,28,8,4,155
1735,1735,1,7,7,12,158
1736,1736,14,16,3,5,197
1737,1737,7,0,8,14,161
1738,1738,7,12,0,1,151
1739,1739,16,0,9,19,153
1740,1740,19,5,8,20,107
1741,1741,2,12,6,25,217
1742,1742,5,5,5,15,124
1743,1743,9,29,8,1,60
1744,1744,6,23,3,26,63
1745,1745,19,11,8,5,87
1746,1746,5,28,7,19,119
1747,1747,6,21,5,21,44
1748,1748,14,1,5,0,181
1749,1749,19,18,0,0,113
1750,1750,12,13,3,25,101
1751,1751,18,14,9,23,72
1752,1752,13,8,1,14,134
1753,1753,13,23,2,12,128
1754,1754,0,13,7,2,120
1755,1755,8,3,0,26,197
1756,1756,17,0,1,10,197
1757,1757,17,12,2,3,188
1758,1758,2,7,7,19,202
1759,1759,3,6,0,27,166
1760,1760,1,10,7,6,179
1761,1761,14,23,7,4,191
1762,1762,19,15,2,5,106
1763,1763,7,18,5,7,144
1764,1764,6,27,6,27,75
1765,1765,2,13,1,28,201
1766,1766,0,27,3,5,119
1767,1767,12,21,3,7,93
1768,1768,2,2,4,26,206
1769,1769,2,3,5,27,217
1770,1770,3,12,5,12,216
1771,1771,18,18,1,25,76
1772,1772,3,6,3,13,176
1773,1773,3,1,6,16,182
1774,1774,14,19,7,29,179
1775,1775,1,5,0,4,170
1776,1776,1,5,8,20,235
1777,1777,16,4,4,21,155
1778,1778,18,19,1,13,90
1779,1779,0,17,0,23,120
1780,1780,15,4,4,18,208
1781,1781,14,24,8,8,185
1782,1782,2,7,7,4,218
1783,1783,9,27,9,5,105
1784,1784,17,7,8,5,205
1785,1785,10,14,6,24,92
1786,1786,3,22,8,20,177
1787,1787,15,12,3,5,206
1788,1788,7,20,0,6,149
1789,1789,2,4,2,22,200
1790,1790,12,13,7,12,92
1791,1791,16,14,2,17,155
1792,1792,14,0,3,14,195
1793,1793,2,29,7,20,201
1794,1794,10,9,0,22,132
1795,1795,9,19,2,28,50
1796,1796,11,21,3,19,120
1797,1797,6,4,8,22,43
1798,1798,1,13,8,8,197
1799,1799,5,4,5,12,129
1800,1800,2,4,5,27,205
1801,1801,6,16,4,2,78
1802,1802,2,12,6,12,211
1803,1803,19,5,5,15,116
1804,1804,13,28,4,10,100
1805,1805,6,1,6,3,69
1806,1806,1,12,9,12,202
1807,1807,16,4,5,4,155
1808,1808,14,26,3,13,178
1809,1809,4,24,4,27,167
1810,1810,0,18,3,12,123
1811,1811,5,13,4,28,137
1812,1812,15,20,4,24,185
1813,1813,15,18,5,7,201
1814,1814,2,27,8,16,216
1815,1815,4,16,9,26,163
1816,1816,19,10,8,1,108
1817,1817,10,14,9,2,125
1818,1818,14,3,5,2,190
1819,1819,14,19,9,2,184
1820,1820,10,1,2,8,94
1821,1821,3,24,2,0,208
1822,1822,12,19,2,12,88
1823,1823,10,14,3,3,97
1824,1824,19,29,3,16,117
1825,1825,19,12,5,27,106
1826,1826,18,25,5,10,57
1827,1827,2,4,0,0,213
1828,1828,19,25,1,10,101
1829,1829,10,2,0,11,93
1830,1830,17,13,2,3,204
1831,1831,16,20,0,28,159
1832,1832,6,4,0,7,78
1833,1833,3,1,1,9,217
1834,1834,7,13,4,19,131
1835,1835,10,21,0,0,159
1836,1836,18,25,1,18,78
1837,1837,18,3,9,7,90
1838,1838,16,19,7,28,146
1839,1839,14,17,3,23,197
1840,1840,3,18,1,23,174
1841,1841,15,3,8,25,188
1842,1842,1,11,4,11,234
1843,1843,5,5,5,25,92
1844,1844,6,19,5,28,81
1845,1845,0,7,2,25,122
1846,1846,8,7,0,13,182
1847,1847,12,9,5,2,92
1848,1848,3,14,8,4,216
1849,1849,1,27,7,24,208
1850,1850,18,6,8,17,67
1851,1851,2,27,8,0,215
1852,1852,18,1,2,9,83
1853,1853,15,29,4,16,179
1854,1854,16,6,2,4,155
1855,1855,5,16,7,29,132
1856,1856,7,22,6,4,155
1857,1857,16,29,4,4,152
1858,1858,13,20,7,4,110
1859,1859,3,19,8,19,209
1860,1860,12,19,6,23,107
1861,1861,11,18,6,19,123
1862,1862,6,14,4,29,75
1863,1863,8,9,7,3,203
1864,1864,7,7,8,24,129
1865,1865,13,23,4,12,115
1866,1866,19,23,9,5,101
1867,1867,15,12,0,2,193
1868,1868,1,10,7,1,183
1869,1869,12,19,3,12,97
1870,1870,13,27,5,29,141
1871,1871,19,2,6,9,91
1872,1872,2,7,0,20,208
1873,1873,15,3,3,22,217
1874,1874,17,5,4,26,185
1875,1875,17,15,5,8,197
1876,1876,18,22,7,1,88
1877,1877,14,0,9,11,181
1878,1878,4,24,8,29,165
1879,1879,3,0,5,15,213
1880,1880,5,17,1,10,125
1881,1881,16,25,5,26,154
1882,1882,19,29,3,14,107
1883,1883,6,21,1,18,76
1884,1884,10,27,1,6,150
1885,1885,8,10,6,14,159
1886,1886,10,18,8,13,145
1887,1887,13,16,5,5,101
1888,1888,14,0,9,16,189
1889,1889,9,22,0,6,50
1890,1890,0,10,0,24,119
1891,1891,14,22,4,0,189
1892,1892,3,8,8,27,191
1893,1893,9,4,0,15,73
1894,1894,18,24,4,27,61
1895,1895,3,14,0,29,212
1896,1896,0,18,9,10,119
1897,1897,9,26,9,15,66
1898,1898,17,12,3,15,200
1899,1899,3,8,0,10,207
1900,1900,8,11,2,14,198
1901,1901,3,5,0,8,171
1902,1902,7,19,4,18,158
1903,1903,6,7,1,0,66
1904,1904,19,24,3,12,110
1905,1905,17,23,6,17,193
1906,1906,1,8,9,25,187
1907,1907,0,18,8,14,121
1908,1908,9,7,6,9,78
1909,1909,8,24,2,26,137
1910,1910,6,1,1,10,69
1911,1911,2,26,8,20,209
1912,1912,14,0,4,29,180
1913,1913,1,19,3,24,223
1914,1914,12,20,7,3,89
1915,1915,19,23,5,9,115
1916,1916,4,4,9,20,165
1917,1917,7,27,0,15,123
1918,1918,16,27,2,29,147
1919,1919,5,21,8,3,126
1920,1920,12,16,1,18,80
1921,1921,14,14,0,25,182
1922,1922,1,29,9,2,186
1923,1923,2,8,9,4,210
1924,1924,3,16,5,14,201
1925,1925,12,4,2,16,84
1926,1926,19,12,5,2,119
1927,1927,15,11,3,17,219
1928,1928,1,13,4,5,176
1929,1929,10,29,0,28,121
1930,1930,5,10,3,18,92
1931,1931,17,29,1,0,198
1932,1932,5,8,5,20,134
1933,1933,12,6,1,20,90
1934,1934,1,15,1,21,177
1935,1935,1,5,7,28,178
1936,1936,0,14,3,4,120
1937,1937,14,19,9,14,181
1938,1938,0,18,6,10,120
1939,1939,18,18,8,13,69
1940,1940,12,10,4,18,83
1941,1941,12,5,7,0,97
1942,1942,10,7,5,24,123
1943,1943,5,26,3,11,115
1944,1944,17,8,4,15,190
1945,1945,18,13,2,25,82
1946,1946,13,25,2,20,101
1947,1947,4,29,2,18,137
1948,1948,14,19,2,15,180
1949,1949,7,2,1,23,166
1950,1950,17,9,7,22,184
1951,1951,11,7,1,5,138
1952,1952,18,0,3,15,98
1953,1953,7,21,6,23,164
1954,1954,0,23,2,17,122
1955,1955,0,14,6,6,122
1956,1956,14,17,1,9,186
1957,1957,11,17,2,2,110
1958,1958,11,13,7,20,129
1959,1959,2,19,4,27,205
1960,1960,3,27,5,12,201
1961,1961,0,18,8,24,123
1962,1962,5,3,0,29,117
1963,1963,18,19,0,15,81
1964,1964,9,12,8,4,81
1965,1965,19,28,4,8,86
1966,1966,5,2,0,2,96
1967,1967,11,13,0,24,113
1968,1968,11,16,1,2,137
1969,1969,5,10,9,10,139
1970,1970,7,25,0,15,137
1971,1971,16,26,9,12,157
1972,1972,7,17,5,28,163
1973,1973,19,21,6,5,101
1974,1974,0,13,0,1,120
1975,1975,7,22,5,15,163
1976,1976,6,26,3,22,49
1977,1977,2,10,4,3,199
1978,1978,7,4,0,6,130
1979,1979,9,15,8,6,72
1980,1980,17,26,4,28,192
1981,1981,14,8,9,8,186
1982,1982,4,10,0,9,133
1983,1983,13,7,0,25,94
1984,1984,3,15,0,7,182
1985,1985,8,5,6,17,152
1986,1986,8,14,5,1,121
1987,1987,15,29,3,25,218
1988,1988,2,20,4,13,207
1989,1989,2,22,2,1,199
1990,1990,12,22,1,11,89
1991,1991,2,20,7,8,210
1992,1992,13,19,5,19,89
1993,1993,15,18,7,10,187
1994,1994,18,4,8,0,81
1995,1995,5,20,7,19,102
1996,1996,4,25,7,11,192
1997,1997,12,29,1,1,105
1998,1998,2,5,0,14,210
1999,1999,15,7,4,17,219
